id,legal_name,preferred_name,email
f1c30a8e-475a-44e4-8e67-65f930bf595a,William Jennings,Lesley Wilson-Newman,william.jennings.9935@northwind.test
03f01670-b33d-41a8-932f-d04ad91d043e,Abdul Hopkins,Mrs Lauren Green,abdul.hopkins.7912@northwind.test
bfa63512-dc28-41f7-ba8a-d170e943a2c1,Tina Foster,Nigel Edwards,tina.foster.1488@northwind.test
ca36d761-91c0-4f54-9e71-e6a0d14fd855,Abdul Burton-Patterson,Sarah Reed-Walsh,abdul.burton-patterson.4582@northwind.test
59066193-cb62-4970-91b8-91f0c61aba28,Miss Olivia Bryan,Dr Lee Green,miss.olivia.bryan.9279@northwind.test
d30e9b00-2c22-4662-a3f0-c6645ada8ed1,Eleanor Baker,Wayne Gough,eleanor.baker.4257@northwind.test
ccc1d746-1128-46fd-b59e-dc6677fb6fa6,Bernard Wilkinson-Simpson,Mrs Julia Harris,bernard.wilkinson-simpson.4611@northwind.test
9a7eb7ae-018c-4803-9d31-7c93bcc9d690,Dylan Young,Ms Lindsey Rees,dylan.young.5557@northwind.test
de46728a-f279-4bad-a44b-830f31ef78ae,Geoffrey Griffin,Megan Taylor,geoffrey.griffin.3615@northwind.test
b5b7dfd4-6351-495e-9e12-fd9d274abbb6,Miss Carole Woods,Ms Sheila Evans,miss.carole.woods.6574@northwind.test
629946a7-846b-4cf4-863f-9fd3f8b36bb7,Aaron Harrison,Brandon Hammond,aaron.harrison.3547@northwind.test
0693d44c-7677-4cee-83dc-007405f46943,Graham Wilkinson,Amanda Hall,graham.wilkinson.6514@northwind.test
